term,estimate,std.error,statistic,p.value,q
Trametinib_Taselisib,6.460717675831412,1.2094618587284498,5.341811839046991,1.3846599448353918e-7,1.9385239227695484e-6
TAS_MK8776,-4.072761074014926,1.2094618587284487,-3.3674158838681922,8.156262571256812e-4,0.011418767599759537
TAS_Gefitinib,-5.288099629452936,1.2094618587284534,-4.372274818994695,1.4889283438123572e-5,2.0844996813373e-4
TAS_Birinapant,-6.055514696802311,1.2094618587284458,-5.006784342226971,7.618128276625942e-7,1.0665379587276318e-5
Napabucasin_Trametinib,-7.9706509049979255,1.2094618587284387,-6.590245775404465,1.0897588059949205e-10,1.5256623283928887e-9
Napabucasin_Sunitinib,-11.191961249534968,1.209461858728432,-9.25367027390317,5.826187669066442e-19,8.156662736693018e-18
